file,sha256,bytes
_allocate.h,7eb0f5f53010c11f34972cfb58329ed1b7ded2b62134ff099397a06bdff9cdd6,5459
_arrays.h,148c87d59bf6c6b8358f8a5192f4b5c9266c542e36ce065fc0c760540418dd97,7548
_cell_division.h,f178acd10246ed5b83823f2c6771e34da591d81337864d22df3f7b9e31e6fb19,10900
_cell_extrusion.h,dcef9dd8c197e1b3e835be15dfbff4c2e4fbacef89cf35fbc4b11ded060c7801,5105
_create.h,bf0c501e2925452b05e6cb2c75c4d9f92ac49356ec42df2ad78ae6f0c2414c78,4177
_dissolve.h,28156cc233749e20e3dfdc1ac1f52ebf418b7af60488629eb33532f9865cfb7b,3270
_equation_of_motion.h,35437f6a63098ebc3bd44a819d9569aa21023a3179c6c47fce2f727056af2ab5,3588
_force_area.h,c1af7acbb0fd9b7aaa8998b987d65e3fcc09e4ea8f388fc33ae76fcf55d7ea02,6845
_force_length.h,8b1a7a0f43a7c57a36d358c95ecffb68688f4d7c9a8eec6faf03fe1f5aaf523c,3416
_free_id.h,677206919bf37ccb8940ed390db62adb7efa3f1a739fae9fecb8ec77152a98ab,1274
_functions.h,90445cd88c8781ebc7e91db1ddc1a9c7726772320241778c978c04ce304414a0,1444
_initial_structure.h,9ea7e5487b9cc958096cb0e156a9ceed01421877cf829c5a55419a9b3755e06c,8668
_output.h,564eac9de01a5bc773f01b67b190d9d4b35beca4fa4e4f03cf63f525a0161fa3,6426
_rndom.h,afa16ad9e861479a368e5f096b1fcc7b0d87ec9f563c354491cf93b1b8fc0f1b,2138
_T1_edge_to_vertex.h,3770264dd9678b36a43cc939b0b864065d7fcc92b9ad5087a4ded0d56624a5db,4687
_T1_transition.h,3976295e069a0aadc93b5b95dda005c5f4001d41526af667abeafc3552925a16,3014
_T1_vertex_to_edge.h,aaa7e5e1fad9e5985a7a5f30ab4e7f41d3e5dffa3c19f46a7532f39ebe859dd1,7494
_torus.h,52d21704410037aa2202095e167dac24ce06b7673c31d3bde08f486befa2c774,2547
main.c,4d37ed74912ba05618a8aee9f4d5986ab381f9c8903a008062c46a089637d693,3263
