graph_index_0based,simulation_id,n_cells,package_id,sigma_index,t1_edge_1,t1_edge_2,shear_factor,kA,nx
0,graph_256_10_0_1_-1_1.txt,256,10,0,1,-1,1,1,16
1,graph_256_10_10_1_-1_1.txt,256,10,10,1,-1,1,1,16
2,graph_256_10_11_1_-1_1.txt,256,10,11,1,-1,1,1,16
3,graph_256_10_12_1_-1_1.txt,256,10,12,1,-1,1,1,16
4,graph_256_10_13_1_-1_1.txt,256,10,13,1,-1,1,1,16
5,graph_256_10_14_1_-1_1.txt,256,10,14,1,-1,1,1,16
6,graph_256_10_15_1_-1_1.txt,256,10,15,1,-1,1,1,16
7,graph_256_10_16_1_-1_1.txt,256,10,16,1,-1,1,1,16
8,graph_256_10_17_1_-1_1.txt,256,10,17,1,-1,1,1,16
9,graph_256_10_18_1_-1_1.txt,256,10,18,1,-1,1,1,16
10,graph_256_10_19_1_-1_1.txt,256,10,19,1,-1,1,1,16
11,graph_256_10_1_1_-1_1.txt,256,10,1,1,-1,1,1,16
12,graph_256_10_20_1_-1_1.txt,256,10,20,1,-1,1,1,16
13,graph_256_10_21_1_-1_1.txt,256,10,21,1,-1,1,1,16
14,graph_256_10_22_1_-1_1.txt,256,10,22,1,-1,1,1,16
15,graph_256_10_23_1_-1_1.txt,256,10,23,1,-1,1,1,16
16,graph_256_10_24_1_-1_1.txt,256,10,24,1,-1,1,1,16
17,graph_256_10_25_1_-1_1.txt,256,10,25,1,-1,1,1,16
18,graph_256_10_26_1_-1_1.txt,256,10,26,1,-1,1,1,16
19,graph_256_10_27_1_-1_1.txt,256,10,27,1,-1,1,1,16
20,graph_256_10_28_1_-1_1.txt,256,10,28,1,-1,1,1,16
21,graph_256_10_29_1_-1_1.txt,256,10,29,1,-1,1,1,16
22,graph_256_10_2_1_-1_1.txt,256,10,2,1,-1,1,1,16
23,graph_256_10_30_1_-1_1.txt,256,10,30,1,-1,1,1,16
24,graph_256_10_31_1_-1_1.txt,256,10,31,1,-1,1,1,16
25,graph_256_10_32_1_-1_1.txt,256,10,32,1,-1,1,1,16
26,graph_256_10_33_1_-1_1.txt,256,10,33,1,-1,1,1,16
27,graph_256_10_34_1_-1_1.txt,256,10,34,1,-1,1,1,16
28,graph_256_10_35_1_-1_1.txt,256,10,35,1,-1,1,1,16
29,graph_256_10_36_1_-1_1.txt,256,10,36,1,-1,1,1,16
30,graph_256_10_37_1_-1_1.txt,256,10,37,1,-1,1,1,16
31,graph_256_10_38_1_-1_1.txt,256,10,38,1,-1,1,1,16
32,graph_256_10_39_1_-1_1.txt,256,10,39,1,-1,1,1,16
33,graph_256_10_3_1_-1_1.txt,256,10,3,1,-1,1,1,16
34,graph_256_10_40_1_-1_1.txt,256,10,40,1,-1,1,1,16
35,graph_256_10_41_1_-1_1.txt,256,10,41,1,-1,1,1,16
36,graph_256_10_42_1_-1_1.txt,256,10,42,1,-1,1,1,16
37,graph_256_10_43_1_-1_1.txt,256,10,43,1,-1,1,1,16
38,graph_256_10_44_1_-1_1.txt,256,10,44,1,-1,1,1,16
39,graph_256_10_45_1_-1_1.txt,256,10,45,1,-1,1,1,16
40,graph_256_10_46_1_-1_1.txt,256,10,46,1,-1,1,1,16
41,graph_256_10_47_1_-1_1.txt,256,10,47,1,-1,1,1,16
42,graph_256_10_48_1_-1_1.txt,256,10,48,1,-1,1,1,16
43,graph_256_10_49_1_-1_1.txt,256,10,49,1,-1,1,1,16
44,graph_256_10_4_1_-1_1.txt,256,10,4,1,-1,1,1,16
45,graph_256_10_50_1_-1_1.txt,256,10,50,1,-1,1,1,16
46,graph_256_10_5_1_-1_1.txt,256,10,5,1,-1,1,1,16
47,graph_256_10_6_1_-1_1.txt,256,10,6,1,-1,1,1,16
48,graph_256_10_7_1_-1_1.txt,256,10,7,1,-1,1,1,16
49,graph_256_10_8_1_-1_1.txt,256,10,8,1,-1,1,1,16
50,graph_256_10_9_1_-1_1.txt,256,10,9,1,-1,1,1,16
51,graph_256_11_0_1_-1_1.txt,256,11,0,1,-1,1,1,16
52,graph_256_11_10_1_-1_1.txt,256,11,10,1,-1,1,1,16
53,graph_256_11_11_1_-1_1.txt,256,11,11,1,-1,1,1,16
54,graph_256_11_12_1_-1_1.txt,256,11,12,1,-1,1,1,16
55,graph_256_11_13_1_-1_1.txt,256,11,13,1,-1,1,1,16
56,graph_256_11_14_1_-1_1.txt,256,11,14,1,-1,1,1,16
57,graph_256_11_15_1_-1_1.txt,256,11,15,1,-1,1,1,16
58,graph_256_11_16_1_-1_1.txt,256,11,16,1,-1,1,1,16
59,graph_256_11_17_1_-1_1.txt,256,11,17,1,-1,1,1,16
60,graph_256_11_18_1_-1_1.txt,256,11,18,1,-1,1,1,16
61,graph_256_11_19_1_-1_1.txt,256,11,19,1,-1,1,1,16
62,graph_256_11_1_1_-1_1.txt,256,11,1,1,-1,1,1,16
63,graph_256_11_20_1_-1_1.txt,256,11,20,1,-1,1,1,16
64,graph_256_11_21_1_-1_1.txt,256,11,21,1,-1,1,1,16
65,graph_256_11_22_1_-1_1.txt,256,11,22,1,-1,1,1,16
66,graph_256_11_23_1_-1_1.txt,256,11,23,1,-1,1,1,16
67,graph_256_11_24_1_-1_1.txt,256,11,24,1,-1,1,1,16
68,graph_256_11_25_1_-1_1.txt,256,11,25,1,-1,1,1,16
69,graph_256_11_26_1_-1_1.txt,256,11,26,1,-1,1,1,16
70,graph_256_11_27_1_-1_1.txt,256,11,27,1,-1,1,1,16
71,graph_256_11_28_1_-1_1.txt,256,11,28,1,-1,1,1,16
72,graph_256_11_29_1_-1_1.txt,256,11,29,1,-1,1,1,16
73,graph_256_11_2_1_-1_1.txt,256,11,2,1,-1,1,1,16
74,graph_256_11_30_1_-1_1.txt,256,11,30,1,-1,1,1,16
75,graph_256_11_31_1_-1_1.txt,256,11,31,1,-1,1,1,16
76,graph_256_11_32_1_-1_1.txt,256,11,32,1,-1,1,1,16
77,graph_256_11_33_1_-1_1.txt,256,11,33,1,-1,1,1,16
78,graph_256_11_34_1_-1_1.txt,256,11,34,1,-1,1,1,16
79,graph_256_11_35_1_-1_1.txt,256,11,35,1,-1,1,1,16
80,graph_256_11_36_1_-1_1.txt,256,11,36,1,-1,1,1,16
81,graph_256_11_37_1_-1_1.txt,256,11,37,1,-1,1,1,16
82,graph_256_11_38_1_-1_1.txt,256,11,38,1,-1,1,1,16
83,graph_256_11_39_1_-1_1.txt,256,11,39,1,-1,1,1,16
84,graph_256_11_3_1_-1_1.txt,256,11,3,1,-1,1,1,16
85,graph_256_11_40_1_-1_1.txt,256,11,40,1,-1,1,1,16
86,graph_256_11_41_1_-1_1.txt,256,11,41,1,-1,1,1,16
87,graph_256_11_42_1_-1_1.txt,256,11,42,1,-1,1,1,16
88,graph_256_11_43_1_-1_1.txt,256,11,43,1,-1,1,1,16
89,graph_256_11_44_1_-1_1.txt,256,11,44,1,-1,1,1,16
90,graph_256_11_45_1_-1_1.txt,256,11,45,1,-1,1,1,16
91,graph_256_11_46_1_-1_1.txt,256,11,46,1,-1,1,1,16
92,graph_256_11_47_1_-1_1.txt,256,11,47,1,-1,1,1,16
93,graph_256_11_48_1_-1_1.txt,256,11,48,1,-1,1,1,16
94,graph_256_11_49_1_-1_1.txt,256,11,49,1,-1,1,1,16
95,graph_256_11_4_1_-1_1.txt,256,11,4,1,-1,1,1,16
96,graph_256_11_50_1_-1_1.txt,256,11,50,1,-1,1,1,16
97,graph_256_11_5_1_-1_1.txt,256,11,5,1,-1,1,1,16
98,graph_256_11_6_1_-1_1.txt,256,11,6,1,-1,1,1,16
99,graph_256_11_7_1_-1_1.txt,256,11,7,1,-1,1,1,16
100,graph_256_11_8_1_-1_1.txt,256,11,8,1,-1,1,1,16
101,graph_256_11_9_1_-1_1.txt,256,11,9,1,-1,1,1,16
102,graph_256_12_0_1_-1_1.txt,256,12,0,1,-1,1,1,16
103,graph_256_12_10_1_-1_1.txt,256,12,10,1,-1,1,1,16
104,graph_256_12_11_1_-1_1.txt,256,12,11,1,-1,1,1,16
105,graph_256_12_12_1_-1_1.txt,256,12,12,1,-1,1,1,16
106,graph_256_12_13_1_-1_1.txt,256,12,13,1,-1,1,1,16
107,graph_256_12_14_1_-1_1.txt,256,12,14,1,-1,1,1,16
108,graph_256_12_15_1_-1_1.txt,256,12,15,1,-1,1,1,16
109,graph_256_12_16_1_-1_1.txt,256,12,16,1,-1,1,1,16
110,graph_256_12_17_1_-1_1.txt,256,12,17,1,-1,1,1,16
111,graph_256_12_18_1_-1_1.txt,256,12,18,1,-1,1,1,16
112,graph_256_12_19_1_-1_1.txt,256,12,19,1,-1,1,1,16
113,graph_256_12_1_1_-1_1.txt,256,12,1,1,-1,1,1,16
114,graph_256_12_20_1_-1_1.txt,256,12,20,1,-1,1,1,16
115,graph_256_12_21_1_-1_1.txt,256,12,21,1,-1,1,1,16
116,graph_256_12_22_1_-1_1.txt,256,12,22,1,-1,1,1,16
117,graph_256_12_23_1_-1_1.txt,256,12,23,1,-1,1,1,16
118,graph_256_12_24_1_-1_1.txt,256,12,24,1,-1,1,1,16
119,graph_256_12_25_1_-1_1.txt,256,12,25,1,-1,1,1,16
120,graph_256_12_26_1_-1_1.txt,256,12,26,1,-1,1,1,16
121,graph_256_12_27_1_-1_1.txt,256,12,27,1,-1,1,1,16
122,graph_256_12_28_1_-1_1.txt,256,12,28,1,-1,1,1,16
123,graph_256_12_29_1_-1_1.txt,256,12,29,1,-1,1,1,16
124,graph_256_12_2_1_-1_1.txt,256,12,2,1,-1,1,1,16
125,graph_256_12_30_1_-1_1.txt,256,12,30,1,-1,1,1,16
126,graph_256_12_31_1_-1_1.txt,256,12,31,1,-1,1,1,16
127,graph_256_12_32_1_-1_1.txt,256,12,32,1,-1,1,1,16
128,graph_256_12_33_1_-1_1.txt,256,12,33,1,-1,1,1,16
129,graph_256_12_34_1_-1_1.txt,256,12,34,1,-1,1,1,16
130,graph_256_12_35_1_-1_1.txt,256,12,35,1,-1,1,1,16
131,graph_256_12_36_1_-1_1.txt,256,12,36,1,-1,1,1,16
132,graph_256_12_37_1_-1_1.txt,256,12,37,1,-1,1,1,16
133,graph_256_12_38_1_-1_1.txt,256,12,38,1,-1,1,1,16
134,graph_256_12_39_1_-1_1.txt,256,12,39,1,-1,1,1,16
135,graph_256_12_3_1_-1_1.txt,256,12,3,1,-1,1,1,16
136,graph_256_12_40_1_-1_1.txt,256,12,40,1,-1,1,1,16
137,graph_256_12_41_1_-1_1.txt,256,12,41,1,-1,1,1,16
138,graph_256_12_42_1_-1_1.txt,256,12,42,1,-1,1,1,16
139,graph_256_12_43_1_-1_1.txt,256,12,43,1,-1,1,1,16
140,graph_256_12_44_1_-1_1.txt,256,12,44,1,-1,1,1,16
141,graph_256_12_45_1_-1_1.txt,256,12,45,1,-1,1,1,16
142,graph_256_12_46_1_-1_1.txt,256,12,46,1,-1,1,1,16
143,graph_256_12_47_1_-1_1.txt,256,12,47,1,-1,1,1,16
144,graph_256_12_48_1_-1_1.txt,256,12,48,1,-1,1,1,16
145,graph_256_12_49_1_-1_1.txt,256,12,49,1,-1,1,1,16
146,graph_256_12_4_1_-1_1.txt,256,12,4,1,-1,1,1,16
147,graph_256_12_50_1_-1_1.txt,256,12,50,1,-1,1,1,16
148,graph_256_12_5_1_-1_1.txt,256,12,5,1,-1,1,1,16
149,graph_256_12_6_1_-1_1.txt,256,12,6,1,-1,1,1,16
150,graph_256_12_7_1_-1_1.txt,256,12,7,1,-1,1,1,16
151,graph_256_12_8_1_-1_1.txt,256,12,8,1,-1,1,1,16
152,graph_256_12_9_1_-1_1.txt,256,12,9,1,-1,1,1,16
153,graph_256_13_0_1_-1_1.txt,256,13,0,1,-1,1,1,16
154,graph_256_13_10_1_-1_1.txt,256,13,10,1,-1,1,1,16
155,graph_256_13_11_1_-1_1.txt,256,13,11,1,-1,1,1,16
156,graph_256_13_12_1_-1_1.txt,256,13,12,1,-1,1,1,16
157,graph_256_13_13_1_-1_1.txt,256,13,13,1,-1,1,1,16
158,graph_256_13_14_1_-1_1.txt,256,13,14,1,-1,1,1,16
159,graph_256_13_15_1_-1_1.txt,256,13,15,1,-1,1,1,16
160,graph_256_13_16_1_-1_1.txt,256,13,16,1,-1,1,1,16
161,graph_256_13_17_1_-1_1.txt,256,13,17,1,-1,1,1,16
162,graph_256_13_18_1_-1_1.txt,256,13,18,1,-1,1,1,16
163,graph_256_13_19_1_-1_1.txt,256,13,19,1,-1,1,1,16
164,graph_256_13_1_1_-1_1.txt,256,13,1,1,-1,1,1,16
165,graph_256_13_20_1_-1_1.txt,256,13,20,1,-1,1,1,16
166,graph_256_13_21_1_-1_1.txt,256,13,21,1,-1,1,1,16
167,graph_256_13_22_1_-1_1.txt,256,13,22,1,-1,1,1,16
168,graph_256_13_23_1_-1_1.txt,256,13,23,1,-1,1,1,16
169,graph_256_13_24_1_-1_1.txt,256,13,24,1,-1,1,1,16
170,graph_256_13_25_1_-1_1.txt,256,13,25,1,-1,1,1,16
171,graph_256_13_26_1_-1_1.txt,256,13,26,1,-1,1,1,16
172,graph_256_13_27_1_-1_1.txt,256,13,27,1,-1,1,1,16
173,graph_256_13_28_1_-1_1.txt,256,13,28,1,-1,1,1,16
174,graph_256_13_29_1_-1_1.txt,256,13,29,1,-1,1,1,16
175,graph_256_13_2_1_-1_1.txt,256,13,2,1,-1,1,1,16
176,graph_256_13_30_1_-1_1.txt,256,13,30,1,-1,1,1,16
177,graph_256_13_31_1_-1_1.txt,256,13,31,1,-1,1,1,16
178,graph_256_13_32_1_-1_1.txt,256,13,32,1,-1,1,1,16
179,graph_256_13_33_1_-1_1.txt,256,13,33,1,-1,1,1,16
180,graph_256_13_34_1_-1_1.txt,256,13,34,1,-1,1,1,16
181,graph_256_13_35_1_-1_1.txt,256,13,35,1,-1,1,1,16
182,graph_256_13_36_1_-1_1.txt,256,13,36,1,-1,1,1,16
183,graph_256_13_37_1_-1_1.txt,256,13,37,1,-1,1,1,16
184,graph_256_13_38_1_-1_1.txt,256,13,38,1,-1,1,1,16
185,graph_256_13_39_1_-1_1.txt,256,13,39,1,-1,1,1,16
186,graph_256_13_3_1_-1_1.txt,256,13,3,1,-1,1,1,16
187,graph_256_13_40_1_-1_1.txt,256,13,40,1,-1,1,1,16
188,graph_256_13_41_1_-1_1.txt,256,13,41,1,-1,1,1,16
189,graph_256_13_42_1_-1_1.txt,256,13,42,1,-1,1,1,16
190,graph_256_13_43_1_-1_1.txt,256,13,43,1,-1,1,1,16
191,graph_256_13_44_1_-1_1.txt,256,13,44,1,-1,1,1,16
192,graph_256_13_45_1_-1_1.txt,256,13,45,1,-1,1,1,16
193,graph_256_13_46_1_-1_1.txt,256,13,46,1,-1,1,1,16
194,graph_256_13_47_1_-1_1.txt,256,13,47,1,-1,1,1,16
195,graph_256_13_48_1_-1_1.txt,256,13,48,1,-1,1,1,16
196,graph_256_13_49_1_-1_1.txt,256,13,49,1,-1,1,1,16
197,graph_256_13_4_1_-1_1.txt,256,13,4,1,-1,1,1,16
198,graph_256_13_50_1_-1_1.txt,256,13,50,1,-1,1,1,16
199,graph_256_13_5_1_-1_1.txt,256,13,5,1,-1,1,1,16
200,graph_256_13_6_1_-1_1.txt,256,13,6,1,-1,1,1,16
201,graph_256_13_7_1_-1_1.txt,256,13,7,1,-1,1,1,16
202,graph_256_13_8_1_-1_1.txt,256,13,8,1,-1,1,1,16
203,graph_256_13_9_1_-1_1.txt,256,13,9,1,-1,1,1,16
204,graph_256_14_0_1_-1_1.txt,256,14,0,1,-1,1,1,16
205,graph_256_14_10_1_-1_1.txt,256,14,10,1,-1,1,1,16
206,graph_256_14_11_1_-1_1.txt,256,14,11,1,-1,1,1,16
207,graph_256_14_12_1_-1_1.txt,256,14,12,1,-1,1,1,16
208,graph_256_14_13_1_-1_1.txt,256,14,13,1,-1,1,1,16
209,graph_256_14_14_1_-1_1.txt,256,14,14,1,-1,1,1,16
210,graph_256_14_15_1_-1_1.txt,256,14,15,1,-1,1,1,16
211,graph_256_14_16_1_-1_1.txt,256,14,16,1,-1,1,1,16
212,graph_256_14_17_1_-1_1.txt,256,14,17,1,-1,1,1,16
213,graph_256_14_18_1_-1_1.txt,256,14,18,1,-1,1,1,16
214,graph_256_14_19_1_-1_1.txt,256,14,19,1,-1,1,1,16
215,graph_256_14_1_1_-1_1.txt,256,14,1,1,-1,1,1,16
216,graph_256_14_20_1_-1_1.txt,256,14,20,1,-1,1,1,16
217,graph_256_14_21_1_-1_1.txt,256,14,21,1,-1,1,1,16
218,graph_256_14_22_1_-1_1.txt,256,14,22,1,-1,1,1,16
219,graph_256_14_23_1_-1_1.txt,256,14,23,1,-1,1,1,16
220,graph_256_14_24_1_-1_1.txt,256,14,24,1,-1,1,1,16
221,graph_256_14_25_1_-1_1.txt,256,14,25,1,-1,1,1,16
222,graph_256_14_26_1_-1_1.txt,256,14,26,1,-1,1,1,16
223,graph_256_14_27_1_-1_1.txt,256,14,27,1,-1,1,1,16
224,graph_256_14_28_1_-1_1.txt,256,14,28,1,-1,1,1,16
225,graph_256_14_29_1_-1_1.txt,256,14,29,1,-1,1,1,16
226,graph_256_14_2_1_-1_1.txt,256,14,2,1,-1,1,1,16
227,graph_256_14_30_1_-1_1.txt,256,14,30,1,-1,1,1,16
228,graph_256_14_31_1_-1_1.txt,256,14,31,1,-1,1,1,16
229,graph_256_14_32_1_-1_1.txt,256,14,32,1,-1,1,1,16
230,graph_256_14_33_1_-1_1.txt,256,14,33,1,-1,1,1,16
231,graph_256_14_34_1_-1_1.txt,256,14,34,1,-1,1,1,16
232,graph_256_14_35_1_-1_1.txt,256,14,35,1,-1,1,1,16
233,graph_256_14_36_1_-1_1.txt,256,14,36,1,-1,1,1,16
234,graph_256_14_37_1_-1_1.txt,256,14,37,1,-1,1,1,16
235,graph_256_14_38_1_-1_1.txt,256,14,38,1,-1,1,1,16
236,graph_256_14_39_1_-1_1.txt,256,14,39,1,-1,1,1,16
237,graph_256_14_3_1_-1_1.txt,256,14,3,1,-1,1,1,16
238,graph_256_14_40_1_-1_1.txt,256,14,40,1,-1,1,1,16
239,graph_256_14_41_1_-1_1.txt,256,14,41,1,-1,1,1,16
240,graph_256_14_42_1_-1_1.txt,256,14,42,1,-1,1,1,16
241,graph_256_14_43_1_-1_1.txt,256,14,43,1,-1,1,1,16
242,graph_256_14_44_1_-1_1.txt,256,14,44,1,-1,1,1,16
243,graph_256_14_45_1_-1_1.txt,256,14,45,1,-1,1,1,16
244,graph_256_14_46_1_-1_1.txt,256,14,46,1,-1,1,1,16
245,graph_256_14_47_1_-1_1.txt,256,14,47,1,-1,1,1,16
246,graph_256_14_48_1_-1_1.txt,256,14,48,1,-1,1,1,16
247,graph_256_14_4_1_-1_1.txt,256,14,4,1,-1,1,1,16
248,graph_256_14_50_1_-1_1.txt,256,14,50,1,-1,1,1,16
249,graph_256_14_5_1_-1_1.txt,256,14,5,1,-1,1,1,16
250,graph_256_14_6_1_-1_1.txt,256,14,6,1,-1,1,1,16
251,graph_256_14_7_1_-1_1.txt,256,14,7,1,-1,1,1,16
252,graph_256_14_8_1_-1_1.txt,256,14,8,1,-1,1,1,16
253,graph_256_14_9_1_-1_1.txt,256,14,9,1,-1,1,1,16
254,graph_256_15_0_1_-1_1.txt,256,15,0,1,-1,1,1,16
255,graph_256_15_10_1_-1_1.txt,256,15,10,1,-1,1,1,16
256,graph_256_15_11_1_-1_1.txt,256,15,11,1,-1,1,1,16
257,graph_256_15_12_1_-1_1.txt,256,15,12,1,-1,1,1,16
258,graph_256_15_13_1_-1_1.txt,256,15,13,1,-1,1,1,16
259,graph_256_15_14_1_-1_1.txt,256,15,14,1,-1,1,1,16
260,graph_256_15_15_1_-1_1.txt,256,15,15,1,-1,1,1,16
261,graph_256_15_16_1_-1_1.txt,256,15,16,1,-1,1,1,16
262,graph_256_15_17_1_-1_1.txt,256,15,17,1,-1,1,1,16
263,graph_256_15_18_1_-1_1.txt,256,15,18,1,-1,1,1,16
264,graph_256_15_19_1_-1_1.txt,256,15,19,1,-1,1,1,16
265,graph_256_15_1_1_-1_1.txt,256,15,1,1,-1,1,1,16
266,graph_256_15_20_1_-1_1.txt,256,15,20,1,-1,1,1,16
267,graph_256_15_21_1_-1_1.txt,256,15,21,1,-1,1,1,16
268,graph_256_15_22_1_-1_1.txt,256,15,22,1,-1,1,1,16
269,graph_256_15_23_1_-1_1.txt,256,15,23,1,-1,1,1,16
270,graph_256_15_24_1_-1_1.txt,256,15,24,1,-1,1,1,16
271,graph_256_15_25_1_-1_1.txt,256,15,25,1,-1,1,1,16
272,graph_256_15_26_1_-1_1.txt,256,15,26,1,-1,1,1,16
273,graph_256_15_27_1_-1_1.txt,256,15,27,1,-1,1,1,16
274,graph_256_15_28_1_-1_1.txt,256,15,28,1,-1,1,1,16
275,graph_256_15_29_1_-1_1.txt,256,15,29,1,-1,1,1,16
276,graph_256_15_2_1_-1_1.txt,256,15,2,1,-1,1,1,16
277,graph_256_15_30_1_-1_1.txt,256,15,30,1,-1,1,1,16
278,graph_256_15_31_1_-1_1.txt,256,15,31,1,-1,1,1,16
279,graph_256_15_32_1_-1_1.txt,256,15,32,1,-1,1,1,16
280,graph_256_15_33_1_-1_1.txt,256,15,33,1,-1,1,1,16
281,graph_256_15_34_1_-1_1.txt,256,15,34,1,-1,1,1,16
282,graph_256_15_35_1_-1_1.txt,256,15,35,1,-1,1,1,16
283,graph_256_15_36_1_-1_1.txt,256,15,36,1,-1,1,1,16
284,graph_256_15_37_1_-1_1.txt,256,15,37,1,-1,1,1,16
285,graph_256_15_38_1_-1_1.txt,256,15,38,1,-1,1,1,16
286,graph_256_15_39_1_-1_1.txt,256,15,39,1,-1,1,1,16
287,graph_256_15_3_1_-1_1.txt,256,15,3,1,-1,1,1,16
288,graph_256_15_40_1_-1_1.txt,256,15,40,1,-1,1,1,16
289,graph_256_15_41_1_-1_1.txt,256,15,41,1,-1,1,1,16
290,graph_256_15_42_1_-1_1.txt,256,15,42,1,-1,1,1,16
291,graph_256_15_43_1_-1_1.txt,256,15,43,1,-1,1,1,16
292,graph_256_15_44_1_-1_1.txt,256,15,44,1,-1,1,1,16
293,graph_256_15_45_1_-1_1.txt,256,15,45,1,-1,1,1,16
294,graph_256_15_46_1_-1_1.txt,256,15,46,1,-1,1,1,16
295,graph_256_15_47_1_-1_1.txt,256,15,47,1,-1,1,1,16
296,graph_256_15_48_1_-1_1.txt,256,15,48,1,-1,1,1,16
297,graph_256_15_49_1_-1_1.txt,256,15,49,1,-1,1,1,16
298,graph_256_15_4_1_-1_1.txt,256,15,4,1,-1,1,1,16
299,graph_256_15_50_1_-1_1.txt,256,15,50,1,-1,1,1,16
300,graph_256_15_5_1_-1_1.txt,256,15,5,1,-1,1,1,16
301,graph_256_15_6_1_-1_1.txt,256,15,6,1,-1,1,1,16
302,graph_256_15_7_1_-1_1.txt,256,15,7,1,-1,1,1,16
303,graph_256_15_8_1_-1_1.txt,256,15,8,1,-1,1,1,16
304,graph_256_15_9_1_-1_1.txt,256,15,9,1,-1,1,1,16
305,graph_256_16_0_1_-1_1.txt,256,16,0,1,-1,1,1,16
306,graph_256_16_10_1_-1_1.txt,256,16,10,1,-1,1,1,16
307,graph_256_16_11_1_-1_1.txt,256,16,11,1,-1,1,1,16
308,graph_256_16_12_1_-1_1.txt,256,16,12,1,-1,1,1,16
309,graph_256_16_13_1_-1_1.txt,256,16,13,1,-1,1,1,16
310,graph_256_16_14_1_-1_1.txt,256,16,14,1,-1,1,1,16
311,graph_256_16_15_1_-1_1.txt,256,16,15,1,-1,1,1,16
312,graph_256_16_16_1_-1_1.txt,256,16,16,1,-1,1,1,16
313,graph_256_16_17_1_-1_1.txt,256,16,17,1,-1,1,1,16
314,graph_256_16_18_1_-1_1.txt,256,16,18,1,-1,1,1,16
315,graph_256_16_19_1_-1_1.txt,256,16,19,1,-1,1,1,16
316,graph_256_16_1_1_-1_1.txt,256,16,1,1,-1,1,1,16
317,graph_256_16_20_1_-1_1.txt,256,16,20,1,-1,1,1,16
318,graph_256_16_21_1_-1_1.txt,256,16,21,1,-1,1,1,16
319,graph_256_16_22_1_-1_1.txt,256,16,22,1,-1,1,1,16
320,graph_256_16_23_1_-1_1.txt,256,16,23,1,-1,1,1,16
321,graph_256_16_24_1_-1_1.txt,256,16,24,1,-1,1,1,16
322,graph_256_16_25_1_-1_1.txt,256,16,25,1,-1,1,1,16
323,graph_256_16_26_1_-1_1.txt,256,16,26,1,-1,1,1,16
324,graph_256_16_27_1_-1_1.txt,256,16,27,1,-1,1,1,16
325,graph_256_16_28_1_-1_1.txt,256,16,28,1,-1,1,1,16
326,graph_256_16_29_1_-1_1.txt,256,16,29,1,-1,1,1,16
327,graph_256_16_2_1_-1_1.txt,256,16,2,1,-1,1,1,16
328,graph_256_16_30_1_-1_1.txt,256,16,30,1,-1,1,1,16
329,graph_256_16_31_1_-1_1.txt,256,16,31,1,-1,1,1,16
330,graph_256_16_32_1_-1_1.txt,256,16,32,1,-1,1,1,16
331,graph_256_16_33_1_-1_1.txt,256,16,33,1,-1,1,1,16
332,graph_256_16_34_1_-1_1.txt,256,16,34,1,-1,1,1,16
333,graph_256_16_35_1_-1_1.txt,256,16,35,1,-1,1,1,16
334,graph_256_16_36_1_-1_1.txt,256,16,36,1,-1,1,1,16
335,graph_256_16_37_1_-1_1.txt,256,16,37,1,-1,1,1,16
336,graph_256_16_38_1_-1_1.txt,256,16,38,1,-1,1,1,16
337,graph_256_16_39_1_-1_1.txt,256,16,39,1,-1,1,1,16
338,graph_256_16_3_1_-1_1.txt,256,16,3,1,-1,1,1,16
339,graph_256_16_40_1_-1_1.txt,256,16,40,1,-1,1,1,16
340,graph_256_16_41_1_-1_1.txt,256,16,41,1,-1,1,1,16
341,graph_256_16_42_1_-1_1.txt,256,16,42,1,-1,1,1,16
342,graph_256_16_43_1_-1_1.txt,256,16,43,1,-1,1,1,16
343,graph_256_16_44_1_-1_1.txt,256,16,44,1,-1,1,1,16
344,graph_256_16_45_1_-1_1.txt,256,16,45,1,-1,1,1,16
345,graph_256_16_46_1_-1_1.txt,256,16,46,1,-1,1,1,16
346,graph_256_16_47_1_-1_1.txt,256,16,47,1,-1,1,1,16
347,graph_256_16_48_1_-1_1.txt,256,16,48,1,-1,1,1,16
348,graph_256_16_49_1_-1_1.txt,256,16,49,1,-1,1,1,16
349,graph_256_16_4_1_-1_1.txt,256,16,4,1,-1,1,1,16
350,graph_256_16_50_1_-1_1.txt,256,16,50,1,-1,1,1,16
351,graph_256_16_5_1_-1_1.txt,256,16,5,1,-1,1,1,16
352,graph_256_16_6_1_-1_1.txt,256,16,6,1,-1,1,1,16
353,graph_256_16_7_1_-1_1.txt,256,16,7,1,-1,1,1,16
354,graph_256_16_8_1_-1_1.txt,256,16,8,1,-1,1,1,16
355,graph_256_16_9_1_-1_1.txt,256,16,9,1,-1,1,1,16
356,graph_256_1_0_1_-1_1.txt,256,1,0,1,-1,1,1,16
357,graph_256_1_10_1_-1_1.txt,256,1,10,1,-1,1,1,16
358,graph_256_1_11_1_-1_1.txt,256,1,11,1,-1,1,1,16
359,graph_256_1_12_1_-1_1.txt,256,1,12,1,-1,1,1,16
360,graph_256_1_13_1_-1_1.txt,256,1,13,1,-1,1,1,16
361,graph_256_1_14_1_-1_1.txt,256,1,14,1,-1,1,1,16
362,graph_256_1_15_1_-1_1.txt,256,1,15,1,-1,1,1,16
363,graph_256_1_16_1_-1_1.txt,256,1,16,1,-1,1,1,16
364,graph_256_1_17_1_-1_1.txt,256,1,17,1,-1,1,1,16
365,graph_256_1_18_1_-1_1.txt,256,1,18,1,-1,1,1,16
366,graph_256_1_19_1_-1_1.txt,256,1,19,1,-1,1,1,16
367,graph_256_1_1_1_-1_1.txt,256,1,1,1,-1,1,1,16
368,graph_256_1_20_1_-1_1.txt,256,1,20,1,-1,1,1,16
369,graph_256_1_21_1_-1_1.txt,256,1,21,1,-1,1,1,16
370,graph_256_1_22_1_-1_1.txt,256,1,22,1,-1,1,1,16
371,graph_256_1_23_1_-1_1.txt,256,1,23,1,-1,1,1,16
372,graph_256_1_24_1_-1_1.txt,256,1,24,1,-1,1,1,16
373,graph_256_1_25_1_-1_1.txt,256,1,25,1,-1,1,1,16
374,graph_256_1_26_1_-1_1.txt,256,1,26,1,-1,1,1,16
375,graph_256_1_27_1_-1_1.txt,256,1,27,1,-1,1,1,16
376,graph_256_1_28_1_-1_1.txt,256,1,28,1,-1,1,1,16
377,graph_256_1_29_1_-1_1.txt,256,1,29,1,-1,1,1,16
378,graph_256_1_2_1_-1_1.txt,256,1,2,1,-1,1,1,16
379,graph_256_1_30_1_-1_1.txt,256,1,30,1,-1,1,1,16
380,graph_256_1_31_1_-1_1.txt,256,1,31,1,-1,1,1,16
381,graph_256_1_32_1_-1_1.txt,256,1,32,1,-1,1,1,16
382,graph_256_1_33_1_-1_1.txt,256,1,33,1,-1,1,1,16
383,graph_256_1_34_1_-1_1.txt,256,1,34,1,-1,1,1,16
384,graph_256_1_35_1_-1_1.txt,256,1,35,1,-1,1,1,16
385,graph_256_1_36_1_-1_1.txt,256,1,36,1,-1,1,1,16
386,graph_256_1_37_1_-1_1.txt,256,1,37,1,-1,1,1,16
387,graph_256_1_38_1_-1_1.txt,256,1,38,1,-1,1,1,16
388,graph_256_1_39_1_-1_1.txt,256,1,39,1,-1,1,1,16
389,graph_256_1_3_1_-1_1.txt,256,1,3,1,-1,1,1,16
390,graph_256_1_40_1_-1_1.txt,256,1,40,1,-1,1,1,16
391,graph_256_1_41_1_-1_1.txt,256,1,41,1,-1,1,1,16
392,graph_256_1_42_1_-1_1.txt,256,1,42,1,-1,1,1,16
393,graph_256_1_43_1_-1_1.txt,256,1,43,1,-1,1,1,16
394,graph_256_1_44_1_-1_1.txt,256,1,44,1,-1,1,1,16
395,graph_256_1_45_1_-1_1.txt,256,1,45,1,-1,1,1,16
396,graph_256_1_46_1_-1_1.txt,256,1,46,1,-1,1,1,16
397,graph_256_1_47_1_-1_1.txt,256,1,47,1,-1,1,1,16
398,graph_256_1_48_1_-1_1.txt,256,1,48,1,-1,1,1,16
399,graph_256_1_49_1_-1_1.txt,256,1,49,1,-1,1,1,16
400,graph_256_1_4_1_-1_1.txt,256,1,4,1,-1,1,1,16
401,graph_256_1_50_1_-1_1.txt,256,1,50,1,-1,1,1,16
402,graph_256_1_5_1_-1_1.txt,256,1,5,1,-1,1,1,16
403,graph_256_1_6_1_-1_1.txt,256,1,6,1,-1,1,1,16
404,graph_256_1_7_1_-1_1.txt,256,1,7,1,-1,1,1,16
405,graph_256_1_8_1_-1_1.txt,256,1,8,1,-1,1,1,16
406,graph_256_1_9_1_-1_1.txt,256,1,9,1,-1,1,1,16
407,graph_256_2_0_1_-1_1.txt,256,2,0,1,-1,1,1,16
408,graph_256_2_10_1_-1_1.txt,256,2,10,1,-1,1,1,16
409,graph_256_2_11_1_-1_1.txt,256,2,11,1,-1,1,1,16
410,graph_256_2_12_1_-1_1.txt,256,2,12,1,-1,1,1,16
411,graph_256_2_13_1_-1_1.txt,256,2,13,1,-1,1,1,16
412,graph_256_2_14_1_-1_1.txt,256,2,14,1,-1,1,1,16
413,graph_256_2_15_1_-1_1.txt,256,2,15,1,-1,1,1,16
414,graph_256_2_16_1_-1_1.txt,256,2,16,1,-1,1,1,16
415,graph_256_2_17_1_-1_1.txt,256,2,17,1,-1,1,1,16
416,graph_256_2_18_1_-1_1.txt,256,2,18,1,-1,1,1,16
417,graph_256_2_19_1_-1_1.txt,256,2,19,1,-1,1,1,16
418,graph_256_2_1_1_-1_1.txt,256,2,1,1,-1,1,1,16
419,graph_256_2_20_1_-1_1.txt,256,2,20,1,-1,1,1,16
420,graph_256_2_21_1_-1_1.txt,256,2,21,1,-1,1,1,16
421,graph_256_2_22_1_-1_1.txt,256,2,22,1,-1,1,1,16
422,graph_256_2_23_1_-1_1.txt,256,2,23,1,-1,1,1,16
423,graph_256_2_24_1_-1_1.txt,256,2,24,1,-1,1,1,16
424,graph_256_2_25_1_-1_1.txt,256,2,25,1,-1,1,1,16
425,graph_256_2_26_1_-1_1.txt,256,2,26,1,-1,1,1,16
426,graph_256_2_27_1_-1_1.txt,256,2,27,1,-1,1,1,16
427,graph_256_2_28_1_-1_1.txt,256,2,28,1,-1,1,1,16
428,graph_256_2_29_1_-1_1.txt,256,2,29,1,-1,1,1,16
429,graph_256_2_2_1_-1_1.txt,256,2,2,1,-1,1,1,16
430,graph_256_2_30_1_-1_1.txt,256,2,30,1,-1,1,1,16
431,graph_256_2_31_1_-1_1.txt,256,2,31,1,-1,1,1,16
432,graph_256_2_32_1_-1_1.txt,256,2,32,1,-1,1,1,16
433,graph_256_2_33_1_-1_1.txt,256,2,33,1,-1,1,1,16
434,graph_256_2_34_1_-1_1.txt,256,2,34,1,-1,1,1,16
435,graph_256_2_35_1_-1_1.txt,256,2,35,1,-1,1,1,16
436,graph_256_2_36_1_-1_1.txt,256,2,36,1,-1,1,1,16
437,graph_256_2_37_1_-1_1.txt,256,2,37,1,-1,1,1,16
438,graph_256_2_38_1_-1_1.txt,256,2,38,1,-1,1,1,16
439,graph_256_2_39_1_-1_1.txt,256,2,39,1,-1,1,1,16
440,graph_256_2_3_1_-1_1.txt,256,2,3,1,-1,1,1,16
441,graph_256_2_40_1_-1_1.txt,256,2,40,1,-1,1,1,16
442,graph_256_2_41_1_-1_1.txt,256,2,41,1,-1,1,1,16
443,graph_256_2_42_1_-1_1.txt,256,2,42,1,-1,1,1,16
444,graph_256_2_43_1_-1_1.txt,256,2,43,1,-1,1,1,16
445,graph_256_2_44_1_-1_1.txt,256,2,44,1,-1,1,1,16
446,graph_256_2_45_1_-1_1.txt,256,2,45,1,-1,1,1,16
447,graph_256_2_46_1_-1_1.txt,256,2,46,1,-1,1,1,16
448,graph_256_2_47_1_-1_1.txt,256,2,47,1,-1,1,1,16
449,graph_256_2_48_1_-1_1.txt,256,2,48,1,-1,1,1,16
450,graph_256_2_49_1_-1_1.txt,256,2,49,1,-1,1,1,16
451,graph_256_2_4_1_-1_1.txt,256,2,4,1,-1,1,1,16
452,graph_256_2_50_1_-1_1.txt,256,2,50,1,-1,1,1,16
453,graph_256_2_5_1_-1_1.txt,256,2,5,1,-1,1,1,16
454,graph_256_2_6_1_-1_1.txt,256,2,6,1,-1,1,1,16
455,graph_256_2_7_1_-1_1.txt,256,2,7,1,-1,1,1,16
456,graph_256_2_8_1_-1_1.txt,256,2,8,1,-1,1,1,16
457,graph_256_2_9_1_-1_1.txt,256,2,9,1,-1,1,1,16
458,graph_256_3_0_1_-1_1.txt,256,3,0,1,-1,1,1,16
459,graph_256_3_10_1_-1_1.txt,256,3,10,1,-1,1,1,16
460,graph_256_3_11_1_-1_1.txt,256,3,11,1,-1,1,1,16
461,graph_256_3_12_1_-1_1.txt,256,3,12,1,-1,1,1,16
462,graph_256_3_13_1_-1_1.txt,256,3,13,1,-1,1,1,16
463,graph_256_3_14_1_-1_1.txt,256,3,14,1,-1,1,1,16
464,graph_256_3_15_1_-1_1.txt,256,3,15,1,-1,1,1,16
465,graph_256_3_16_1_-1_1.txt,256,3,16,1,-1,1,1,16
466,graph_256_3_17_1_-1_1.txt,256,3,17,1,-1,1,1,16
467,graph_256_3_18_1_-1_1.txt,256,3,18,1,-1,1,1,16
468,graph_256_3_19_1_-1_1.txt,256,3,19,1,-1,1,1,16
469,graph_256_3_1_1_-1_1.txt,256,3,1,1,-1,1,1,16
470,graph_256_3_20_1_-1_1.txt,256,3,20,1,-1,1,1,16
471,graph_256_3_21_1_-1_1.txt,256,3,21,1,-1,1,1,16
472,graph_256_3_22_1_-1_1.txt,256,3,22,1,-1,1,1,16
473,graph_256_3_23_1_-1_1.txt,256,3,23,1,-1,1,1,16
474,graph_256_3_24_1_-1_1.txt,256,3,24,1,-1,1,1,16
475,graph_256_3_25_1_-1_1.txt,256,3,25,1,-1,1,1,16
476,graph_256_3_26_1_-1_1.txt,256,3,26,1,-1,1,1,16
477,graph_256_3_27_1_-1_1.txt,256,3,27,1,-1,1,1,16
478,graph_256_3_28_1_-1_1.txt,256,3,28,1,-1,1,1,16
479,graph_256_3_29_1_-1_1.txt,256,3,29,1,-1,1,1,16
480,graph_256_3_2_1_-1_1.txt,256,3,2,1,-1,1,1,16
481,graph_256_3_30_1_-1_1.txt,256,3,30,1,-1,1,1,16
482,graph_256_3_31_1_-1_1.txt,256,3,31,1,-1,1,1,16
483,graph_256_3_32_1_-1_1.txt,256,3,32,1,-1,1,1,16
484,graph_256_3_33_1_-1_1.txt,256,3,33,1,-1,1,1,16
485,graph_256_3_34_1_-1_1.txt,256,3,34,1,-1,1,1,16
486,graph_256_3_35_1_-1_1.txt,256,3,35,1,-1,1,1,16
487,graph_256_3_36_1_-1_1.txt,256,3,36,1,-1,1,1,16
488,graph_256_3_37_1_-1_1.txt,256,3,37,1,-1,1,1,16
489,graph_256_3_38_1_-1_1.txt,256,3,38,1,-1,1,1,16
490,graph_256_3_39_1_-1_1.txt,256,3,39,1,-1,1,1,16
491,graph_256_3_3_1_-1_1.txt,256,3,3,1,-1,1,1,16
492,graph_256_3_40_1_-1_1.txt,256,3,40,1,-1,1,1,16
493,graph_256_3_41_1_-1_1.txt,256,3,41,1,-1,1,1,16
494,graph_256_3_42_1_-1_1.txt,256,3,42,1,-1,1,1,16
495,graph_256_3_43_1_-1_1.txt,256,3,43,1,-1,1,1,16
496,graph_256_3_44_1_-1_1.txt,256,3,44,1,-1,1,1,16
497,graph_256_3_45_1_-1_1.txt,256,3,45,1,-1,1,1,16
498,graph_256_3_46_1_-1_1.txt,256,3,46,1,-1,1,1,16
499,graph_256_3_47_1_-1_1.txt,256,3,47,1,-1,1,1,16
500,graph_256_3_48_1_-1_1.txt,256,3,48,1,-1,1,1,16
501,graph_256_3_49_1_-1_1.txt,256,3,49,1,-1,1,1,16
502,graph_256_3_4_1_-1_1.txt,256,3,4,1,-1,1,1,16
503,graph_256_3_50_1_-1_1.txt,256,3,50,1,-1,1,1,16
504,graph_256_3_5_1_-1_1.txt,256,3,5,1,-1,1,1,16
505,graph_256_3_6_1_-1_1.txt,256,3,6,1,-1,1,1,16
506,graph_256_3_7_1_-1_1.txt,256,3,7,1,-1,1,1,16
507,graph_256_3_8_1_-1_1.txt,256,3,8,1,-1,1,1,16
508,graph_256_3_9_1_-1_1.txt,256,3,9,1,-1,1,1,16
509,graph_256_4_0_1_-1_1.txt,256,4,0,1,-1,1,1,16
510,graph_256_4_10_1_-1_1.txt,256,4,10,1,-1,1,1,16
511,graph_256_4_11_1_-1_1.txt,256,4,11,1,-1,1,1,16
512,graph_256_4_12_1_-1_1.txt,256,4,12,1,-1,1,1,16
513,graph_256_4_13_1_-1_1.txt,256,4,13,1,-1,1,1,16
514,graph_256_4_14_1_-1_1.txt,256,4,14,1,-1,1,1,16
515,graph_256_4_15_1_-1_1.txt,256,4,15,1,-1,1,1,16
516,graph_256_4_16_1_-1_1.txt,256,4,16,1,-1,1,1,16
517,graph_256_4_17_1_-1_1.txt,256,4,17,1,-1,1,1,16
518,graph_256_4_18_1_-1_1.txt,256,4,18,1,-1,1,1,16
519,graph_256_4_19_1_-1_1.txt,256,4,19,1,-1,1,1,16
520,graph_256_4_1_1_-1_1.txt,256,4,1,1,-1,1,1,16
521,graph_256_4_20_1_-1_1.txt,256,4,20,1,-1,1,1,16
522,graph_256_4_21_1_-1_1.txt,256,4,21,1,-1,1,1,16
523,graph_256_4_22_1_-1_1.txt,256,4,22,1,-1,1,1,16
524,graph_256_4_23_1_-1_1.txt,256,4,23,1,-1,1,1,16
525,graph_256_4_24_1_-1_1.txt,256,4,24,1,-1,1,1,16
526,graph_256_4_25_1_-1_1.txt,256,4,25,1,-1,1,1,16
527,graph_256_4_26_1_-1_1.txt,256,4,26,1,-1,1,1,16
528,graph_256_4_27_1_-1_1.txt,256,4,27,1,-1,1,1,16
529,graph_256_4_28_1_-1_1.txt,256,4,28,1,-1,1,1,16
530,graph_256_4_29_1_-1_1.txt,256,4,29,1,-1,1,1,16
531,graph_256_4_2_1_-1_1.txt,256,4,2,1,-1,1,1,16
532,graph_256_4_30_1_-1_1.txt,256,4,30,1,-1,1,1,16
533,graph_256_4_31_1_-1_1.txt,256,4,31,1,-1,1,1,16
534,graph_256_4_32_1_-1_1.txt,256,4,32,1,-1,1,1,16
535,graph_256_4_33_1_-1_1.txt,256,4,33,1,-1,1,1,16
536,graph_256_4_34_1_-1_1.txt,256,4,34,1,-1,1,1,16
537,graph_256_4_35_1_-1_1.txt,256,4,35,1,-1,1,1,16
538,graph_256_4_36_1_-1_1.txt,256,4,36,1,-1,1,1,16
539,graph_256_4_37_1_-1_1.txt,256,4,37,1,-1,1,1,16
540,graph_256_4_38_1_-1_1.txt,256,4,38,1,-1,1,1,16
541,graph_256_4_39_1_-1_1.txt,256,4,39,1,-1,1,1,16
542,graph_256_4_3_1_-1_1.txt,256,4,3,1,-1,1,1,16
543,graph_256_4_40_1_-1_1.txt,256,4,40,1,-1,1,1,16
544,graph_256_4_41_1_-1_1.txt,256,4,41,1,-1,1,1,16
545,graph_256_4_42_1_-1_1.txt,256,4,42,1,-1,1,1,16
546,graph_256_4_43_1_-1_1.txt,256,4,43,1,-1,1,1,16
547,graph_256_4_44_1_-1_1.txt,256,4,44,1,-1,1,1,16
548,graph_256_4_45_1_-1_1.txt,256,4,45,1,-1,1,1,16
549,graph_256_4_46_1_-1_1.txt,256,4,46,1,-1,1,1,16
550,graph_256_4_47_1_-1_1.txt,256,4,47,1,-1,1,1,16
551,graph_256_4_48_1_-1_1.txt,256,4,48,1,-1,1,1,16
552,graph_256_4_49_1_-1_1.txt,256,4,49,1,-1,1,1,16
553,graph_256_4_4_1_-1_1.txt,256,4,4,1,-1,1,1,16
554,graph_256_4_50_1_-1_1.txt,256,4,50,1,-1,1,1,16
555,graph_256_4_5_1_-1_1.txt,256,4,5,1,-1,1,1,16
556,graph_256_4_6_1_-1_1.txt,256,4,6,1,-1,1,1,16
557,graph_256_4_7_1_-1_1.txt,256,4,7,1,-1,1,1,16
558,graph_256_4_8_1_-1_1.txt,256,4,8,1,-1,1,1,16
559,graph_256_4_9_1_-1_1.txt,256,4,9,1,-1,1,1,16
560,graph_256_5_0_1_-1_1.txt,256,5,0,1,-1,1,1,16
561,graph_256_5_10_1_-1_1.txt,256,5,10,1,-1,1,1,16
562,graph_256_5_11_1_-1_1.txt,256,5,11,1,-1,1,1,16
563,graph_256_5_12_1_-1_1.txt,256,5,12,1,-1,1,1,16
564,graph_256_5_13_1_-1_1.txt,256,5,13,1,-1,1,1,16
565,graph_256_5_14_1_-1_1.txt,256,5,14,1,-1,1,1,16
566,graph_256_5_15_1_-1_1.txt,256,5,15,1,-1,1,1,16
567,graph_256_5_16_1_-1_1.txt,256,5,16,1,-1,1,1,16
568,graph_256_5_17_1_-1_1.txt,256,5,17,1,-1,1,1,16
569,graph_256_5_18_1_-1_1.txt,256,5,18,1,-1,1,1,16
570,graph_256_5_19_1_-1_1.txt,256,5,19,1,-1,1,1,16
571,graph_256_5_1_1_-1_1.txt,256,5,1,1,-1,1,1,16
572,graph_256_5_20_1_-1_1.txt,256,5,20,1,-1,1,1,16
573,graph_256_5_21_1_-1_1.txt,256,5,21,1,-1,1,1,16
574,graph_256_5_22_1_-1_1.txt,256,5,22,1,-1,1,1,16
575,graph_256_5_23_1_-1_1.txt,256,5,23,1,-1,1,1,16
576,graph_256_5_24_1_-1_1.txt,256,5,24,1,-1,1,1,16
577,graph_256_5_25_1_-1_1.txt,256,5,25,1,-1,1,1,16
578,graph_256_5_26_1_-1_1.txt,256,5,26,1,-1,1,1,16
579,graph_256_5_27_1_-1_1.txt,256,5,27,1,-1,1,1,16
580,graph_256_5_28_1_-1_1.txt,256,5,28,1,-1,1,1,16
581,graph_256_5_29_1_-1_1.txt,256,5,29,1,-1,1,1,16
582,graph_256_5_2_1_-1_1.txt,256,5,2,1,-1,1,1,16
583,graph_256_5_30_1_-1_1.txt,256,5,30,1,-1,1,1,16
584,graph_256_5_31_1_-1_1.txt,256,5,31,1,-1,1,1,16
585,graph_256_5_32_1_-1_1.txt,256,5,32,1,-1,1,1,16
586,graph_256_5_33_1_-1_1.txt,256,5,33,1,-1,1,1,16
587,graph_256_5_34_1_-1_1.txt,256,5,34,1,-1,1,1,16
588,graph_256_5_35_1_-1_1.txt,256,5,35,1,-1,1,1,16
589,graph_256_5_36_1_-1_1.txt,256,5,36,1,-1,1,1,16
590,graph_256_5_37_1_-1_1.txt,256,5,37,1,-1,1,1,16
591,graph_256_5_38_1_-1_1.txt,256,5,38,1,-1,1,1,16
592,graph_256_5_39_1_-1_1.txt,256,5,39,1,-1,1,1,16
593,graph_256_5_3_1_-1_1.txt,256,5,3,1,-1,1,1,16
594,graph_256_5_40_1_-1_1.txt,256,5,40,1,-1,1,1,16
595,graph_256_5_41_1_-1_1.txt,256,5,41,1,-1,1,1,16
596,graph_256_5_42_1_-1_1.txt,256,5,42,1,-1,1,1,16
597,graph_256_5_43_1_-1_1.txt,256,5,43,1,-1,1,1,16
598,graph_256_5_44_1_-1_1.txt,256,5,44,1,-1,1,1,16
599,graph_256_5_45_1_-1_1.txt,256,5,45,1,-1,1,1,16
600,graph_256_5_46_1_-1_1.txt,256,5,46,1,-1,1,1,16
601,graph_256_5_47_1_-1_1.txt,256,5,47,1,-1,1,1,16
602,graph_256_5_48_1_-1_1.txt,256,5,48,1,-1,1,1,16
603,graph_256_5_49_1_-1_1.txt,256,5,49,1,-1,1,1,16
604,graph_256_5_4_1_-1_1.txt,256,5,4,1,-1,1,1,16
605,graph_256_5_50_1_-1_1.txt,256,5,50,1,-1,1,1,16
606,graph_256_5_5_1_-1_1.txt,256,5,5,1,-1,1,1,16
607,graph_256_5_6_1_-1_1.txt,256,5,6,1,-1,1,1,16
608,graph_256_5_7_1_-1_1.txt,256,5,7,1,-1,1,1,16
609,graph_256_5_8_1_-1_1.txt,256,5,8,1,-1,1,1,16
610,graph_256_5_9_1_-1_1.txt,256,5,9,1,-1,1,1,16
611,graph_256_6_0_1_-1_1.txt,256,6,0,1,-1,1,1,16
612,graph_256_6_10_1_-1_1.txt,256,6,10,1,-1,1,1,16
613,graph_256_6_11_1_-1_1.txt,256,6,11,1,-1,1,1,16
614,graph_256_6_12_1_-1_1.txt,256,6,12,1,-1,1,1,16
615,graph_256_6_13_1_-1_1.txt,256,6,13,1,-1,1,1,16
616,graph_256_6_14_1_-1_1.txt,256,6,14,1,-1,1,1,16
617,graph_256_6_15_1_-1_1.txt,256,6,15,1,-1,1,1,16
618,graph_256_6_16_1_-1_1.txt,256,6,16,1,-1,1,1,16
619,graph_256_6_17_1_-1_1.txt,256,6,17,1,-1,1,1,16
620,graph_256_6_18_1_-1_1.txt,256,6,18,1,-1,1,1,16
621,graph_256_6_19_1_-1_1.txt,256,6,19,1,-1,1,1,16
622,graph_256_6_1_1_-1_1.txt,256,6,1,1,-1,1,1,16
623,graph_256_6_20_1_-1_1.txt,256,6,20,1,-1,1,1,16
624,graph_256_6_21_1_-1_1.txt,256,6,21,1,-1,1,1,16
625,graph_256_6_22_1_-1_1.txt,256,6,22,1,-1,1,1,16
626,graph_256_6_23_1_-1_1.txt,256,6,23,1,-1,1,1,16
627,graph_256_6_24_1_-1_1.txt,256,6,24,1,-1,1,1,16
628,graph_256_6_25_1_-1_1.txt,256,6,25,1,-1,1,1,16
629,graph_256_6_26_1_-1_1.txt,256,6,26,1,-1,1,1,16
630,graph_256_6_27_1_-1_1.txt,256,6,27,1,-1,1,1,16
631,graph_256_6_28_1_-1_1.txt,256,6,28,1,-1,1,1,16
632,graph_256_6_29_1_-1_1.txt,256,6,29,1,-1,1,1,16
633,graph_256_6_2_1_-1_1.txt,256,6,2,1,-1,1,1,16
634,graph_256_6_30_1_-1_1.txt,256,6,30,1,-1,1,1,16
635,graph_256_6_31_1_-1_1.txt,256,6,31,1,-1,1,1,16
636,graph_256_6_32_1_-1_1.txt,256,6,32,1,-1,1,1,16
637,graph_256_6_33_1_-1_1.txt,256,6,33,1,-1,1,1,16
638,graph_256_6_34_1_-1_1.txt,256,6,34,1,-1,1,1,16
639,graph_256_6_35_1_-1_1.txt,256,6,35,1,-1,1,1,16
640,graph_256_6_36_1_-1_1.txt,256,6,36,1,-1,1,1,16
641,graph_256_6_37_1_-1_1.txt,256,6,37,1,-1,1,1,16
642,graph_256_6_38_1_-1_1.txt,256,6,38,1,-1,1,1,16
643,graph_256_6_39_1_-1_1.txt,256,6,39,1,-1,1,1,16
644,graph_256_6_3_1_-1_1.txt,256,6,3,1,-1,1,1,16
645,graph_256_6_40_1_-1_1.txt,256,6,40,1,-1,1,1,16
646,graph_256_6_41_1_-1_1.txt,256,6,41,1,-1,1,1,16
647,graph_256_6_42_1_-1_1.txt,256,6,42,1,-1,1,1,16
648,graph_256_6_43_1_-1_1.txt,256,6,43,1,-1,1,1,16
649,graph_256_6_44_1_-1_1.txt,256,6,44,1,-1,1,1,16
650,graph_256_6_45_1_-1_1.txt,256,6,45,1,-1,1,1,16
651,graph_256_6_46_1_-1_1.txt,256,6,46,1,-1,1,1,16
652,graph_256_6_47_1_-1_1.txt,256,6,47,1,-1,1,1,16
653,graph_256_6_48_1_-1_1.txt,256,6,48,1,-1,1,1,16
654,graph_256_6_49_1_-1_1.txt,256,6,49,1,-1,1,1,16
655,graph_256_6_4_1_-1_1.txt,256,6,4,1,-1,1,1,16
656,graph_256_6_50_1_-1_1.txt,256,6,50,1,-1,1,1,16
657,graph_256_6_5_1_-1_1.txt,256,6,5,1,-1,1,1,16
658,graph_256_6_6_1_-1_1.txt,256,6,6,1,-1,1,1,16
659,graph_256_6_7_1_-1_1.txt,256,6,7,1,-1,1,1,16
660,graph_256_6_8_1_-1_1.txt,256,6,8,1,-1,1,1,16
661,graph_256_6_9_1_-1_1.txt,256,6,9,1,-1,1,1,16
662,graph_256_7_0_1_-1_1.txt,256,7,0,1,-1,1,1,16
663,graph_256_7_10_1_-1_1.txt,256,7,10,1,-1,1,1,16
664,graph_256_7_11_1_-1_1.txt,256,7,11,1,-1,1,1,16
665,graph_256_7_12_1_-1_1.txt,256,7,12,1,-1,1,1,16
666,graph_256_7_13_1_-1_1.txt,256,7,13,1,-1,1,1,16
667,graph_256_7_14_1_-1_1.txt,256,7,14,1,-1,1,1,16
668,graph_256_7_15_1_-1_1.txt,256,7,15,1,-1,1,1,16
669,graph_256_7_16_1_-1_1.txt,256,7,16,1,-1,1,1,16
670,graph_256_7_17_1_-1_1.txt,256,7,17,1,-1,1,1,16
671,graph_256_7_18_1_-1_1.txt,256,7,18,1,-1,1,1,16
672,graph_256_7_19_1_-1_1.txt,256,7,19,1,-1,1,1,16
673,graph_256_7_1_1_-1_1.txt,256,7,1,1,-1,1,1,16
674,graph_256_7_20_1_-1_1.txt,256,7,20,1,-1,1,1,16
675,graph_256_7_21_1_-1_1.txt,256,7,21,1,-1,1,1,16
676,graph_256_7_22_1_-1_1.txt,256,7,22,1,-1,1,1,16
677,graph_256_7_23_1_-1_1.txt,256,7,23,1,-1,1,1,16
678,graph_256_7_24_1_-1_1.txt,256,7,24,1,-1,1,1,16
679,graph_256_7_25_1_-1_1.txt,256,7,25,1,-1,1,1,16
680,graph_256_7_26_1_-1_1.txt,256,7,26,1,-1,1,1,16
681,graph_256_7_27_1_-1_1.txt,256,7,27,1,-1,1,1,16
682,graph_256_7_28_1_-1_1.txt,256,7,28,1,-1,1,1,16
683,graph_256_7_29_1_-1_1.txt,256,7,29,1,-1,1,1,16
684,graph_256_7_2_1_-1_1.txt,256,7,2,1,-1,1,1,16
685,graph_256_7_30_1_-1_1.txt,256,7,30,1,-1,1,1,16
686,graph_256_7_31_1_-1_1.txt,256,7,31,1,-1,1,1,16
687,graph_256_7_32_1_-1_1.txt,256,7,32,1,-1,1,1,16
688,graph_256_7_33_1_-1_1.txt,256,7,33,1,-1,1,1,16
689,graph_256_7_34_1_-1_1.txt,256,7,34,1,-1,1,1,16
690,graph_256_7_35_1_-1_1.txt,256,7,35,1,-1,1,1,16
691,graph_256_7_36_1_-1_1.txt,256,7,36,1,-1,1,1,16
692,graph_256_7_37_1_-1_1.txt,256,7,37,1,-1,1,1,16
693,graph_256_7_38_1_-1_1.txt,256,7,38,1,-1,1,1,16
694,graph_256_7_39_1_-1_1.txt,256,7,39,1,-1,1,1,16
695,graph_256_7_3_1_-1_1.txt,256,7,3,1,-1,1,1,16
696,graph_256_7_40_1_-1_1.txt,256,7,40,1,-1,1,1,16
697,graph_256_7_41_1_-1_1.txt,256,7,41,1,-1,1,1,16
698,graph_256_7_42_1_-1_1.txt,256,7,42,1,-1,1,1,16
699,graph_256_7_43_1_-1_1.txt,256,7,43,1,-1,1,1,16
700,graph_256_7_44_1_-1_1.txt,256,7,44,1,-1,1,1,16
701,graph_256_7_45_1_-1_1.txt,256,7,45,1,-1,1,1,16
702,graph_256_7_46_1_-1_1.txt,256,7,46,1,-1,1,1,16
703,graph_256_7_47_1_-1_1.txt,256,7,47,1,-1,1,1,16
704,graph_256_7_48_1_-1_1.txt,256,7,48,1,-1,1,1,16
705,graph_256_7_49_1_-1_1.txt,256,7,49,1,-1,1,1,16
706,graph_256_7_4_1_-1_1.txt,256,7,4,1,-1,1,1,16
707,graph_256_7_50_1_-1_1.txt,256,7,50,1,-1,1,1,16
708,graph_256_7_5_1_-1_1.txt,256,7,5,1,-1,1,1,16
709,graph_256_7_6_1_-1_1.txt,256,7,6,1,-1,1,1,16
710,graph_256_7_7_1_-1_1.txt,256,7,7,1,-1,1,1,16
711,graph_256_7_8_1_-1_1.txt,256,7,8,1,-1,1,1,16
712,graph_256_7_9_1_-1_1.txt,256,7,9,1,-1,1,1,16
713,graph_256_8_0_1_-1_1.txt,256,8,0,1,-1,1,1,16
714,graph_256_8_10_1_-1_1.txt,256,8,10,1,-1,1,1,16
715,graph_256_8_11_1_-1_1.txt,256,8,11,1,-1,1,1,16
716,graph_256_8_12_1_-1_1.txt,256,8,12,1,-1,1,1,16
717,graph_256_8_13_1_-1_1.txt,256,8,13,1,-1,1,1,16
718,graph_256_8_14_1_-1_1.txt,256,8,14,1,-1,1,1,16
719,graph_256_8_15_1_-1_1.txt,256,8,15,1,-1,1,1,16
720,graph_256_8_16_1_-1_1.txt,256,8,16,1,-1,1,1,16
721,graph_256_8_17_1_-1_1.txt,256,8,17,1,-1,1,1,16
722,graph_256_8_18_1_-1_1.txt,256,8,18,1,-1,1,1,16
723,graph_256_8_19_1_-1_1.txt,256,8,19,1,-1,1,1,16
724,graph_256_8_1_1_-1_1.txt,256,8,1,1,-1,1,1,16
725,graph_256_8_20_1_-1_1.txt,256,8,20,1,-1,1,1,16
726,graph_256_8_21_1_-1_1.txt,256,8,21,1,-1,1,1,16
727,graph_256_8_22_1_-1_1.txt,256,8,22,1,-1,1,1,16
728,graph_256_8_23_1_-1_1.txt,256,8,23,1,-1,1,1,16
729,graph_256_8_24_1_-1_1.txt,256,8,24,1,-1,1,1,16
730,graph_256_8_25_1_-1_1.txt,256,8,25,1,-1,1,1,16
731,graph_256_8_26_1_-1_1.txt,256,8,26,1,-1,1,1,16
732,graph_256_8_27_1_-1_1.txt,256,8,27,1,-1,1,1,16
733,graph_256_8_28_1_-1_1.txt,256,8,28,1,-1,1,1,16
734,graph_256_8_29_1_-1_1.txt,256,8,29,1,-1,1,1,16
735,graph_256_8_2_1_-1_1.txt,256,8,2,1,-1,1,1,16
736,graph_256_8_30_1_-1_1.txt,256,8,30,1,-1,1,1,16
737,graph_256_8_31_1_-1_1.txt,256,8,31,1,-1,1,1,16
738,graph_256_8_32_1_-1_1.txt,256,8,32,1,-1,1,1,16
739,graph_256_8_33_1_-1_1.txt,256,8,33,1,-1,1,1,16
740,graph_256_8_34_1_-1_1.txt,256,8,34,1,-1,1,1,16
741,graph_256_8_35_1_-1_1.txt,256,8,35,1,-1,1,1,16
742,graph_256_8_36_1_-1_1.txt,256,8,36,1,-1,1,1,16
743,graph_256_8_37_1_-1_1.txt,256,8,37,1,-1,1,1,16
744,graph_256_8_38_1_-1_1.txt,256,8,38,1,-1,1,1,16
745,graph_256_8_39_1_-1_1.txt,256,8,39,1,-1,1,1,16
746,graph_256_8_3_1_-1_1.txt,256,8,3,1,-1,1,1,16
747,graph_256_8_40_1_-1_1.txt,256,8,40,1,-1,1,1,16
748,graph_256_8_41_1_-1_1.txt,256,8,41,1,-1,1,1,16
749,graph_256_8_42_1_-1_1.txt,256,8,42,1,-1,1,1,16
750,graph_256_8_43_1_-1_1.txt,256,8,43,1,-1,1,1,16
751,graph_256_8_44_1_-1_1.txt,256,8,44,1,-1,1,1,16
752,graph_256_8_45_1_-1_1.txt,256,8,45,1,-1,1,1,16
753,graph_256_8_46_1_-1_1.txt,256,8,46,1,-1,1,1,16
754,graph_256_8_47_1_-1_1.txt,256,8,47,1,-1,1,1,16
755,graph_256_8_48_1_-1_1.txt,256,8,48,1,-1,1,1,16
756,graph_256_8_49_1_-1_1.txt,256,8,49,1,-1,1,1,16
757,graph_256_8_4_1_-1_1.txt,256,8,4,1,-1,1,1,16
758,graph_256_8_50_1_-1_1.txt,256,8,50,1,-1,1,1,16
759,graph_256_8_5_1_-1_1.txt,256,8,5,1,-1,1,1,16
760,graph_256_8_6_1_-1_1.txt,256,8,6,1,-1,1,1,16
761,graph_256_8_7_1_-1_1.txt,256,8,7,1,-1,1,1,16
762,graph_256_8_8_1_-1_1.txt,256,8,8,1,-1,1,1,16
763,graph_256_8_9_1_-1_1.txt,256,8,9,1,-1,1,1,16
764,graph_256_9_0_1_-1_1.txt,256,9,0,1,-1,1,1,16
765,graph_256_9_10_1_-1_1.txt,256,9,10,1,-1,1,1,16
766,graph_256_9_11_1_-1_1.txt,256,9,11,1,-1,1,1,16
767,graph_256_9_12_1_-1_1.txt,256,9,12,1,-1,1,1,16
768,graph_256_9_13_1_-1_1.txt,256,9,13,1,-1,1,1,16
769,graph_256_9_14_1_-1_1.txt,256,9,14,1,-1,1,1,16
770,graph_256_9_15_1_-1_1.txt,256,9,15,1,-1,1,1,16
771,graph_256_9_16_1_-1_1.txt,256,9,16,1,-1,1,1,16
772,graph_256_9_17_1_-1_1.txt,256,9,17,1,-1,1,1,16
773,graph_256_9_18_1_-1_1.txt,256,9,18,1,-1,1,1,16
774,graph_256_9_19_1_-1_1.txt,256,9,19,1,-1,1,1,16
775,graph_256_9_1_1_-1_1.txt,256,9,1,1,-1,1,1,16
776,graph_256_9_20_1_-1_1.txt,256,9,20,1,-1,1,1,16
777,graph_256_9_21_1_-1_1.txt,256,9,21,1,-1,1,1,16
778,graph_256_9_22_1_-1_1.txt,256,9,22,1,-1,1,1,16
779,graph_256_9_23_1_-1_1.txt,256,9,23,1,-1,1,1,16
780,graph_256_9_24_1_-1_1.txt,256,9,24,1,-1,1,1,16
781,graph_256_9_25_1_-1_1.txt,256,9,25,1,-1,1,1,16
782,graph_256_9_26_1_-1_1.txt,256,9,26,1,-1,1,1,16
783,graph_256_9_27_1_-1_1.txt,256,9,27,1,-1,1,1,16
784,graph_256_9_28_1_-1_1.txt,256,9,28,1,-1,1,1,16
785,graph_256_9_29_1_-1_1.txt,256,9,29,1,-1,1,1,16
786,graph_256_9_2_1_-1_1.txt,256,9,2,1,-1,1,1,16
787,graph_256_9_30_1_-1_1.txt,256,9,30,1,-1,1,1,16
788,graph_256_9_31_1_-1_1.txt,256,9,31,1,-1,1,1,16
789,graph_256_9_32_1_-1_1.txt,256,9,32,1,-1,1,1,16
790,graph_256_9_33_1_-1_1.txt,256,9,33,1,-1,1,1,16
791,graph_256_9_34_1_-1_1.txt,256,9,34,1,-1,1,1,16
792,graph_256_9_35_1_-1_1.txt,256,9,35,1,-1,1,1,16
793,graph_256_9_36_1_-1_1.txt,256,9,36,1,-1,1,1,16
794,graph_256_9_37_1_-1_1.txt,256,9,37,1,-1,1,1,16
795,graph_256_9_38_1_-1_1.txt,256,9,38,1,-1,1,1,16
796,graph_256_9_39_1_-1_1.txt,256,9,39,1,-1,1,1,16
797,graph_256_9_3_1_-1_1.txt,256,9,3,1,-1,1,1,16
798,graph_256_9_40_1_-1_1.txt,256,9,40,1,-1,1,1,16
799,graph_256_9_41_1_-1_1.txt,256,9,41,1,-1,1,1,16
800,graph_256_9_42_1_-1_1.txt,256,9,42,1,-1,1,1,16
801,graph_256_9_43_1_-1_1.txt,256,9,43,1,-1,1,1,16
802,graph_256_9_44_1_-1_1.txt,256,9,44,1,-1,1,1,16
803,graph_256_9_45_1_-1_1.txt,256,9,45,1,-1,1,1,16
804,graph_256_9_46_1_-1_1.txt,256,9,46,1,-1,1,1,16
805,graph_256_9_47_1_-1_1.txt,256,9,47,1,-1,1,1,16
806,graph_256_9_48_1_-1_1.txt,256,9,48,1,-1,1,1,16
807,graph_256_9_49_1_-1_1.txt,256,9,49,1,-1,1,1,16
808,graph_256_9_4_1_-1_1.txt,256,9,4,1,-1,1,1,16
809,graph_256_9_50_1_-1_1.txt,256,9,50,1,-1,1,1,16
810,graph_256_9_5_1_-1_1.txt,256,9,5,1,-1,1,1,16
811,graph_256_9_6_1_-1_1.txt,256,9,6,1,-1,1,1,16
812,graph_256_9_7_1_-1_1.txt,256,9,7,1,-1,1,1,16
813,graph_256_9_8_1_-1_1.txt,256,9,8,1,-1,1,1,16
814,graph_256_9_9_1_-1_1.txt,256,9,9,1,-1,1,1,16
