"file","sha256","bytes"
"src/_allocate.h","00D35FA0981F58AA5E355C6C7714184FA8D1BA63FF6AD18D6916AC9582D02249","4929"
"src/_arrays.h","7D8E59914A21FE2F8A3EF21E04294D6B519BD568811A17DDF61577BFE842C37A","4951"
"src/_cell_extrusion.h","10B188223B68A90D1835EE2459AE8EC2E6B8757FACDD86C817D6F7FDE2F77D8C","4101"
"src/_create.h","975EF4E8161C32B34968E289ECA5C960ECCECD7628A7B4D5A2E1D59020A5DE5D","3050"
"src/_dissolve.h","512C4D9E1D20186CD883DD238566F636F3209B3A41898D4A6029F2E34251C8A0","2199"
"src/_equation_of_motion.h","62853DCD41276D71EBA992C83EB65EE561CEA487467899FD5FC2191144FFE10C","2405"
"src/_force_area.h","485E44A260AC49A6887822CFE08B7BFD42C7CA88DE912170DEB6DA3745D7D1D5","5357"
"src/_force_length.h","8C5194AA6C34029276DBAF7D591EFDF676C7ED042E1E8AB09BE523FB8FE010BB","2896"
"src/_free_id.h","865B78EF94D2AB8A5146171F27E2DEC6A98FB2F6B9444A62C2EAE9DD0565C3A3","873"
"src/_functions.h","4987324DC78152821A719151DAA4BE9FAD102F564FCF9202B08D781F99C25FF1","1242"
"src/_initial_structure.h","B92F51BFC281EB94499E98953D31AFC0110EFE2907DCDD9F2918EB9F7C595B77","4489"
"src/_output.h","FD722AB6582C165B0B6AD53B857EE62C2969DF45EE7EB20FFBFC886D87410A26","4763"
"src/_rndom.h","0B5B4293FF11203D4C22AC6B1F479B9C48C19AB2B41202F602F29DFE49DFD746","1329"
"src/_T1_edge_to_vertex.h","F348FCDD7DA0412E7427055970747E3E82AA86BF2F4B9D6B56E7FB041E81A9C4","3706"
"src/_T1_transition.h","C281B59269A8B0D4303FBC669991CFDE31236E81D623BE42B954BAD134CFABB2","1770"
"src/_T1_vertex_to_edge.h","2BF63F30B5ED8E47E73AB546FB62E5919E091D303FE90B0DC891CCB86C6DC3B2","5754"
"src/_torus.h","A45C937ABB1C17BEA60E2BA2B3CD58A4BBEB5E39545089F44B83D8A7C850DF3D","1438"
"src/main.c","E4531D5C315A4E8A5F23719F910C2B10FC2AAC70D32C3D966AE265CEA2BE4700","2955"
